{
  "ID1": {
    "chopai": "सुनु सिय सत्य असीस हमारी। पूजिहि मन कामना तुम्हारी।।",
    "meaning": "प्रश्न उत्तम है, कार्य सिद्ध होगा।"
  },
  "ID2": {
    "chopai": "उघरहिं अंत न होइ निबाहू। कालनेमि जिमि रावन राहू।।",
    "meaning": "कार्य में विघ्न आएगा, असफलता के योग हैं।"
  },
  "ID3": {
    "chopai": "होइहि सोइ जो राम रचि राखा। को करि तर्क बढ़ावै साखा।।",
    "meaning": "सब कुछ रामजी की इच्छा से होगा।"
  },
  "ID4": {
    "chopai": "सठ सुधरहिं सत्संगति पाई। पारस परस कुधातु सुहाई।।",
    "meaning": "सत्संग से सुधार होगा, अच्छा समय आएगा।"
  },
  "ID5": {
    "chopai": "कबहुँक कृपा करहु रघुनाथा। मोर दारुन दुख हरहु भ्राता।।",
    "meaning": "थोड़ा समय लग सकता है, पर दुख दूर होगा।"
  },
  "ID6": {
    "chopai": "सोइ सर्बग्य बिदित सब भाखा। हरइ दोष दरुन दुख त्रासा।।",
    "meaning": "भगवान सब जानते हैं, आपके कष्ट दूर होंगे।"
  },
  "ID7": {
    "chopai": "तुलसी भरोस राम के चरना। बिनु भरोसे मिलै न बरना।।",
    "meaning": "विश्वास रखें, कार्य सिद्ध होगा।"
  },
  "ID8": {
    "chopai": "रामु नामु जन जीवन त्राना। भव भय भंजन सुख कर नाना।।",
    "meaning": "राम नाम से सब संकट दूर होंगे।"
  },
  "ID9": {
    "chopai": "सिय राम मय सब जग जानी। करउँ प्रणाम जोरि जुग पानी।।",
    "meaning": "मन में श्रद्धा रखें, कार्य सफल होगा।"
  },
  "ID10": {
    "chopai": "दीनदयाल बिरिदु संभारी। हरहु नाथ मम संकट भारी।।",
    "meaning": "प्रभु आपकी मदद अवश्य करेंगे।"
  },
  "ID11": {
    "chopai": "अस अभिलाषी तिन्ह के मन। पूरन करहिं राम भगवन्।।",
    "meaning": "आपकी मनोकामना पूरी होगी।"
  },
  "ID12": {
    "chopai": "जेहि कें जिय प्रभु विरचि बिराजा। होइ न उर उर सनेह समाजा।।",
    "meaning": "प्रभु के प्रति मन में सच्चा प्रेम रखें।"
  },
  "ID13": {
    "chopai": "पूजेंहि मन कामना पूर्ण। करहि कृपा राम रघुवीर।।",
    "meaning": "प्रभु कृपा करेंगे, फल मिलेगा।"
  },
  "ID14": {
    "chopai": "बिप्र धेनु सुर संत हित लीन्ह मनुज अवतार।",
    "meaning": "ईश्वरीय कार्य में सहायता मिलेगी।"
  },
  "ID15": {
    "chopai": "बिनु हरि कृपा न लहै सुभावा। सच्चे मन से प्रयास करें।",
    "meaning": "सफलता राम कृपा से ही मिलेगी।"
  },
  "ID16": {
    "chopai": "गहि सिय कर रघुबीर बहोरी। चले नगर नृप भवनु न थोरी।।",
    "meaning": "बड़ी सफलता मिलेगी।"
  },
  "ID17": {
    "chopai": "राम बिमुख संपति प्रभु देई। संत बिपत्ति देखि दुखु लेई।।",
    "meaning": "ईश्वर से विमुख होकर लाभ नहीं टिकेगा।"
  },
  "ID18": {
    "chopai": "सादर मिलिहहिं राम कृपाला। होत प्रतीति नाथ बलभाला।।",
    "meaning": "विश्वास रखें, प्रभु मिलेंगे।"
  },
  "ID19": {
    "chopai": "होत न आज्ञा बिनु प्रभु केरी। सहज कृपा राम की धेरी।।",
    "meaning": "परमात्मा की आज्ञा से ही सब संभव है।"
  },
  "ID20": {
    "chopai": "जासु नाम सुमिरत एक बारा। उतरेहि नर भव सिंधु अपारा।।",
    "meaning": "राम नाम का स्मरण ही उद्धार करेगा।"
  },
  "ID21": {
    "chopai": "मोह बस करम करत नृप नाहीं। काल बशस्य ग्यान नहिं काहीं।।",
    "meaning": "मोह और भ्रम से बचें।"
  },
  "ID22": {
    "chopai": "रामहि केवल प्रेम पियारा। जानि लेउ जो जाननिहारा।।",
    "meaning": "केवल भक्ति से कार्य सफल होगा।"
  },
  "ID23": {
    "chopai": "राम काजु कीन्हें बिनु मोहि कहाँ विश्राम।",
    "meaning": "ईश्वरीय कार्य है, रुकावट नहीं आएगी।"
  },
  "ID24": {
    "chopai": "संत हृदय नवनीत समाना।",
    "meaning": "कोमल हृदय रखें, मदद अवश्य मिलेगी।"
  },
  "ID25": {
    "chopai": "कहहु सत्य हरिभक्त कहावा।",
    "meaning": "सच्चाई और भक्ति से सिद्धि होगी।"
  },
  "ID26": {
    "chopai": "भयउ दिवस मोहि बार बहोरी।",
    "meaning": "समय अनुकूल है, जल्द सफलता मिलेगी।"
  },
  "ID27": {
    "chopai": "संकट कटै मिटै सब पीरा। जो सुमिरै हनुमत बलबीरा।।",
    "meaning": "हनुमान जी की कृपा से संकट कटेंगे।"
  },
  "ID28": {
    "chopai": "जौं नर होइ निठुर बहुताई।",
    "meaning": "कठोर मन से कार्य में रुकावट आएगी।"
  },
  "ID29": {
    "chopai": "शबरीं धीरज धरै दिन रैना।",
    "meaning": "धैर्य से कार्य सिद्ध होगा।"
  },
  "ID30": {
    "chopai": "मम कार्य तुम्ह हि करिहौ।",
    "meaning": "कार्य प्रभु ही करवाएंगे।"
  },
  "ID31": {
    "chopai": "होयहि सोई जो राम रचि राखा।",
    "meaning": "जो होना है, वो होकर रहेगा।"
  },
  "ID32": {
    "chopai": "राम चंद्र कह गए सिया से।",
    "meaning": "श्रीराम की बातों को मानें, सफलता तय है।"
  },
  "ID33": {
    "chopai": "तुलसीदास के राम सभी हैं।",
    "meaning": "भक्ति से ही सब मिलेगा।"
  },
  "ID34": {
    "chopai": "हनुमान सब काज सुधारै।",
    "meaning": "हनुमान जी कृपा करेंगे।"
  },
  "ID35": {
    "chopai": "राम नाम बिनु मुक्ति न होई।",
    "meaning": "केवल भक्ति से ही कार्य सिद्ध होगा।"
  },
  "ID36": {
    "chopai": "जासु ह्रदय बसहि रघुनाथा।",
    "meaning": "प्रभु ह्रदय में हैं, कार्य सफल होगा।"
  }
}